Earnings,Driver,Races,T5,T10,Pole,Laps,Led,AvSt,AvFn,RAF,Miles,LLF,Win
"1,028,320",Richard Petty,74,28,37,1,9417,1278,10.7,15,47,23542.5,24,10
"929,247",Cale Yarborough,57,20,27,12,6284,1252,9.4,17.5,32,15710,19,9
"384,075",David Pearson,54,22,34,2,6990,674,10.2,12.2,41,17475,17,8
"66,095",Fireball Roberts,17,8,10,6,1399,699,5.4,15.8,10,3497.5,8,7
"1,023,270",Bobby Allison,55,17,22,2,7094,854,13.4,16.1,35,17735,15,6
"11,637,498",Jeff Gordon,46,13,21,4,7694,710,10.5,16.3,40,19235,35,6
"13,429,413","Dale Earnhardt, Jr.",36,13,19,2,6010,602,9.9,14.8,30,15025,26,4
"5,086,244",Bill Elliott,60,15,24,5,9913,616,17.2,15.9,53,24782.5,34,4
"5,889,866",Dale Jarrett,42,9,17,4,6867,334,17.1,16.4,35,17167.5,28,4
"37,415",Junior Johnson,20,7,9,1,1496,250,10.2,15.8,12,3740,7,4
"9,572,302",Tony Stewart,35,9,14,1,5438,669,12.6,18.6,29,13595,23,4
"4,441,856",Dale Earnhardt,46,22,34,3,7485,1286,9.4,10.7,37,18712.5,28,3
"360,060",A.J. Foyt,54,15,17,2,5518,444,13.5,21,21,13795,10,3
"95,560",Bobby Isaac,27,8,14,2,3028,273,7.9,13.9,16,7570,6,3
"10,401,867",Jimmie Johnson,36,12,16,2,5615,299,11.7,17.9,26,14037.5,24,3
"4,803,130",Sterling Marlin,52,12,21,4,8268,591,16.3,17.4,39,20670,28,3
"8,858,271",Michael Waltrip,56,7,16,0,8997,360,19,21,44,22492.5,27,3
"105,265",LeeRoy Yarbrough,24,8,13,1,2429,234,10.2,12.5,15,6072.5,7,3
"719,075",Davey Allison,14,4,5,2,2331,223,6.5,17.5,13,5827.5,5,2
"862,217",Buddy Baker,64,22,31,5,7318,1126,12.5,16.2,36,18295,24,2
"57,600",Pete Hamilton,10,4,5,0,839,57,5.9,19.4,5,2097.5,4,2
"5,995,512",Denny Hamlin,28,8,9,0,4772,442,16.4,17.4,25,11930,18,2
"10,258,974",Kevin Harvick,37,9,14,1,5762,256,14.8,17.8,29,14405,23,2
"1,433,611",Ernie Irvan,21,6,11,1,3212,421,15.6,15.4,17,8030,13,2
"9,678,131",Matt Kenseth,36,6,14,1,5790,383,17.4,19,29,14475,22,2
"96,875",Fred Lorenzen,24,16,18,0,2467,180,10.1,9.3,18,6167.5,11,2
"6,748,653",Jamie McMurray,33,3,5,0,5263,58,19.9,23.3,21,13157.5,16,2
"29,500",Jack Smith,15,8,10,1,1368,179,13.1,12.4,11,3420,4,2
"30,225",Joe Weatherly,15,8,10,0,1538,54,7.9,10.5,11,3845,6,2
"191,065",Donnie Allison,29,8,14,4,3428,276,10.3,16.2,17,8570,6,1
"2,414,627",Aric Almirola,16,2,3,0,2663,22,21.9,20.6,11,6657.5,9,1
"3,071,678",John Andretti,27,1,1,0,4016,139,25.1,27.7,19,10040,12,1
"53,505",Mario Andretti,8,1,2,0,662,144,14.8,20.4,4,1655,2,1
"8,905",Earl Balmer,7,2,4,0,517,9,7.6,17.1,3,1292.5,1,1
"3,256,625",Trevor Bayne,16,2,4,0,2569,10,20.1,22.4,12,6422.5,7,1
"6,519,868",Greg Biffle,28,3,9,2,4674,158,16.2,19.4,25,11685,20,1
"2,353,461",Geoffrey Bodine,41,7,14,1,6238,187,18.3,19.7,30,15595,15,1
"492,510",Neil Bonnett,29,5,8,1,3992,216,12.2,19.9,15,9980,4,1
"7,853,357",Jeff Burton,40,9,11,1,6595,146,20.4,17.4,33,16487.5,28,1
"3,220,573",Ward Burton,21,2,8,0,3474,73,19.4,20.9,18,8685,9,1
"8,860,022",Kurt Busch,37,13,18,0,6065,315,19.2,17.7,33,15162.5,21,1
"5,497,012",Kyle Busch,29,8,9,1,4709,423,14.7,18.4,22,11772.5,19,1
"1,097,078",Derrike Cope,25,1,1,0,3569,47,23.8,28.7,13,8922.5,3,1
"53,110",Darel Dieringer,22,9,16,3,2661,43,9.6,8.5,19,6652.5,6,1
"1,455,253",Austin Dillon,13,2,7,1,2179,64,14.2,15.1,11,5447.5,8,1
"72,070",Charlie Glotzbach,18,6,8,1,1817,151,10.3,16.9,10,4542.5,3,1
"32,805",Paul Goldsmith,18,6,9,1,1743,97,7.5,15,10,4357.5,6,1
0,Justin Haley,1,1,1,0,127,1,34,1,1,317.5,1,1
0,Erik Jones,6,2,3,0,825,21,22.2,18.5,4,2062.5,3,1
"3,696,988",Brad Keselowski,21,3,4,0,3219,199,20.7,23.2,12,8047.5,9,1
"4,571,853",Joey Logano,22,6,9,0,3538,114,16.7,17.4,18,8845,15,1
"48,960",Tiny Lund,26,5,11,0,2373,23,18.3,17.2,14,5932.5,3,1
"26,570",Sam McQuagg,11,3,5,0,1152,127,12.5,13.8,6,2880,2,1
"7,854,889",Ryan Newman,36,6,11,0,6116,104,19.9,18.4,31,15290,23,1
"46,605",Marvin Panch,20,9,11,1,1919,145,12.3,13.7,13,4797.5,6,1
"566,275",Benny Parsons,41,14,19,1,5246,122,13.8,17.7,22,13115,8,1
"24,860",Lee Petty,7,3,5,0,642,52,13.1,10.3,5,1605,3,1
"4,338,826",David Ragan,26,3,5,0,4069,39,24.2,21.2,17,10172.5,14,1
"131,940",Tim Richmond,12,1,1,0,1422,32,24.3,24.2,4,3555,1,1
"40,910",Johnny Rutherford,15,2,5,0,1364,8,21.8,21.2,6,3410,2,1
"508,971",Greg Sacks,24,1,4,1,2867,39,24.2,26.8,14,7167.5,4,1
"1,758,728",Jimmy Spencer,27,2,5,0,4042,12,22.2,22.4,21,10105,13,1
"1,876,619","Ricky Stenhouse, Jr.",15,2,3,0,2517,97,17.4,18.7,13,6292.5,10,1
"1,798,921",Darrell Waltrip,55,13,18,1,8482,330,16.5,19.2,42,21205,17,1
"4,235",Bob Welborn,11,2,4,1,914,42,16.4,17.5,6,2285,2,1
"1,785",Marv Acton,2,0,0,0,232,0,24.5,18.5,2,580,0,0
"2,400",Carl Adams,1,0,1,0,151,0,32,9,1,377.5,0,0
"29,860",Grant Adcox,12,0,0,0,1347,0,22,26.3,5,3367.5,1,0
"92,625",Mike Alexander,8,0,1,0,1244,4,25,19.8,6,3110,1,0
"12,065",Johnny Allen,17,3,6,0,1572,0,21.2,16,11,3930,1,0
"258,282","Loy Allen, Jr.",9,0,0,1,1375,1,25.3,30.1,7,3437.5,1,0
"886,674",Justin Allgaier,4,0,0,0,649,4,27.5,26.8,1,1622.5,1,0
"3,179,379",A.J. Allmendinger,19,3,6,0,3126,21,22.2,20.4,17,7815,12,0
"1,150",George Alsobrook,4,0,1,0,301,0,18.2,18.8,3,752.5,0,0
"3,650",George Altheide,3,0,0,0,450,0,24.3,18.3,2,1125,0,0
"2,679,820",Marcos Ambrose,12,0,2,0,1817,0,19,22.1,9,4542.5,8,0
"2,045",Jack Anderson,4,0,0,0,69,0,22.5,23.2,0,172.5,0,0
"14,920",John Anderson,2,0,1,0,341,0,13.5,13.5,1,852.5,0,0
"854,984",Michael Annett,6,0,0,0,939,4,28,25.8,5,2347.5,3,0
"8,975",Ben Arnold,9,0,0,0,1122,0,22.6,21.1,7,2805,0,0
"171,940",Buddy Arrington,37,0,3,0,4606,0,25.2,22.4,21,11515,0,0
220,Bob Ashbrook,1,0,0,0,44,0,29,20,1,110,0,0
"388,868",Casey Atwood,4,0,0,0,670,0,15.2,25.8,3,1675,1,0
100,Jim Austin,1,0,0,0,33,0,36,32,0,82.5,0,0
200,L.D. Austin,4,0,0,0,277,0,45,35.8,2,692.5,0,0
"10,670",H.B. Bailey,12,1,2,0,859,0,20.6,22.1,8,2147.5,0,0
"12,135",Buck Baker,23,3,4,0,1648,21,19.6,21.7,8,4120,2,0
"10,450",Charlie Baker,1,0,0,0,39,0,25,40,0,97.5,0,0
"8,900",Rick Baldwin,1,0,0,0,188,0,30,20,1,470,0,0
"22,110",Walter Ballard,11,0,1,0,1177,2,26.3,24,4,2942.5,0,0
"4,970",Claude Ballot-Lena,3,0,0,0,318,0,31,29.3,1,795,0,0
"23,730",Gary Balough,3,0,0,0,403,0,28,20.7,2,1007.5,0,0
"108,490",Phil Barkdoll,9,0,0,0,1118,2,29.3,28,4,2795,0,0
"22,655",Stan Barrett,4,0,0,0,434,3,29.2,26.8,1,1085,0,0
500,Paul Barrow,2,0,0,0,189,0,35.5,18.5,1,472.5,0,0
100,Paul Bass,1,0,0,0,52,0,40,46,0,130,0,0
"2,410",George Bauer,2,0,0,0,203,0,30.5,22,1,507.5,0,0
"3,325",Larry Baumel,4,0,0,0,471,0,29,21.5,4,1177.5,0,0
"3,460",Herman Beam,15,0,0,0,1525,0,33.5,22.1,14,3812.5,0,0
"7,850",Johnny Beauchamp,4,1,1,0,294,30,19.5,15.5,2,735,1,0
695,Christine Beckers,1,0,0,0,33,0,37,37,0,82.5,0,0
"5,300",Andy Belmont,1,0,0,0,133,0,37,31,1,332.5,0,0
0,Arnold Bennett,1,0,0,0,1,0,26,30,0,2.5,0,0
"1,040",Jim Bennett,3,0,1,0,166,0,17.3,20.7,2,415,0,0
"1,522,235","Johnny Benson, Jr.",16,0,1,0,2541,60,26.4,21.9,12,6352.5,8,0
200,Ben Benz,1,0,0,0,169,0,30,27,1,422.5,0,0
"121,395",Ed Berrier,2,0,0,0,353,0,18.5,31.5,1,882.5,1,0
"5,905",Gary Bettenhausen,4,0,1,0,320,0,28,21.5,2,800,0,0
"4,590",Tony Bettenhausen Jr,2,0,0,0,219,0,32.5,23.5,1,547.5,0,0
"186,684",Rich Bickle,5,0,0,0,715,0,29.4,27.6,3,1787.5,2,0
"1,910",Don Biederman,4,0,0,0,191,0,30.8,25.5,1,477.5,0,0
"133,045",Eddie Bierschwale,11,0,1,0,1360,2,33.4,28.8,6,3400,1,0
"9,665",Terry Bivins,1,0,1,0,193,6,19,8,1,482.5,0,0
"7,490",Bunkie Blackburn,13,1,4,0,740,4,18.6,23.3,6,1850,0,0
"1,275",Gene Black,2,0,1,0,185,0,24,16,2,462.5,0,0
0,"Ray Black, Jr.",1,0,0,0,167,0,39,16,1,417.5,0,0
0,T.L. Blakely,1,0,0,0,10,0,32,32,0,25,0,0
"1,390",Leonard Blanchard,3,0,0,0,138,0,27.7,25,2,345,0,0
"3,934,507",Dave Blaney,26,0,0,0,4011,11,31.2,26.8,18,10027.5,13,0
"281,003",Ryan Blaney,9,1,2,0,1458,143,12.8,23.8,4,3645,4,0
"913,953",Mike Bliss,7,0,1,0,1121,0,29,25.1,6,2802.5,4,0
"1,228,114",Brett Bodine,29,0,2,0,4433,5,27.8,23.2,22,11082.5,10,0
"702,497",Todd Bodine,9,0,2,0,1250,10,18.4,20.4,7,3125,5,0
"2,520",David Ray Boggs,2,0,0,0,255,0,28,22.5,1,637.5,0,0
0,Pete Boland,1,0,0,0,32,0,25,27,0,80,0,0
"7,920",Joe Booher,1,0,0,0,186,0,28,17,1,465,0,0
"25,535",Ken Bouchard,2,0,0,0,280,0,22,26,2,700,0,0
"193,515",Ron Bouchard,12,3,6,0,1595,8,16.3,19.2,6,3987.5,3,0
"1,100",Smokey Boutwell,2,0,0,0,217,0,21.5,17,2,542.5,0,0
"572,932",Alex Bowman,7,0,1,1,1177,14,17.6,17,7,2942.5,4,0
"78,025",Chuck Bown,6,0,2,0,804,0,24.2,22.8,4,2010,0,0
"5,338,316",Clint Bowyer,28,4,12,0,4796,162,16.9,16.8,21,11990,18,0
"85,000",Trevor Boys,8,0,0,0,1094,0,31.8,23.4,5,2735,0,0
990,Bobby Brack,1,0,0,0,151,0,32,12,1,377.5,0,0
"13,195",Gary Bradberry,1,0,0,0,116,0,29,35,1,290,0,0
450,Art Brady,2,0,0,0,179,0,31,22.5,1,447.5,0,0
"2,015",Jim Bray,4,0,0,0,10,0,27.5,28,0,25,0,0
"9,385",Richard Brickhouse,6,1,4,0,779,0,18,9.5,6,1947.5,0,0
"1,250",Barry Brooks,2,0,0,0,5,0,24,27,0,12.5,0,0
"195,330",Dick Brooks,30,6,14,0,3770,38,17.4,17.8,16,9425,1,0
"4,400",Earl Brooks,10,0,0,0,408,0,29.7,28.3,1,1020,0,0
"5,275",Richard D. Brown,2,0,0,0,323,0,12.5,13.5,2,807.5,0,0
200,Robert Brown,1,0,0,0,44,0,30,24,1,110,0,0
"10,995",Kirk Bryant,1,0,0,0,24,0,32,41,0,60,0,0
0,Chris Buescher,8,2,3,0,1162,1,23.9,23.5,4,2905,4,0
"21,300",Bob Burcham,4,0,1,0,576,0,29,19.2,1,1440,0,0
"3,325",Bob Burdick,7,0,4,0,459,0,9,22.7,4,1147.5,3,0
750,Bud Burdick,2,0,1,0,236,0,12,10,2,590,0,0
"1,135",Charles Burnett,1,0,0,0,146,0,44,23,0,365,0,0
0,Carl Burris,1,0,0,0,35,0,26,30,1,87.5,0,0
"94,885",Jeb Burton,1,0,0,0,121,0,40,36,1,302.5,0,0
"3,505",Terry Byers,1,0,0,0,1,0,39,40,0,2.5,0,0
0,William Byron,4,1,1,1,592,56,16,19.5,2,1480,1,0
"8,360",Jimmy Lee Capps,4,0,0,0,531,0,24,25.2,2,1327.5,0,0
100,Billy Carden,1,0,0,0,140,0,26,36,1,350,0,0
"183,230",Patrick Carpentier,2,0,0,0,180,0,25.5,28,1,450,1,0
"18,025",Pancho Carter,2,0,0,0,229,0,28,31,1,572.5,0,0
540,Joe Caspolich,3,0,0,0,312,0,25,20,3,780,0,0
"1,415,193",Landon Cassill,15,0,0,0,2325,5,27.3,23.4,12,5812.5,7,0
"18,515",Neil Castles,23,1,5,0,1500,0,25.9,22.6,11,3750,0,0
"81,450",Chad Chaffin,1,0,0,0,159,0,43,35,1,397.5,0,0
"14,825",Bill Champion,17,0,0,0,1444,0,26.8,24.4,11,3610,0,0
0,Charlie Chapman,1,0,0,0,32,0,34,28,1,80,0,0
"1,000",Rene Charland,2,0,0,0,4,0,27,41.5,0,10,0,0
"4,265",Mike Chase,1,0,0,0,106,0,30,33,0,265,0,0
0,Ross Chastain,3,0,1,0,491,0,35.7,20.3,2,1227.5,1,0
"79,835",Richard Childress,17,0,2,0,2301,0,23.5,20.9,12,5752.5,0,0
"1,980",Ronnie Chumley,4,0,0,0,101,0,28,28.8,2,252.5,0,0
550,Raul Cilloniz,2,0,0,0,229,0,32.5,15,2,572.5,0,0
825,Joe Clark,2,0,0,0,6,0,31,31,0,15,0,0
0,Paul Clark,1,0,0,0,11,0,5,28,0,27.5,0,0
0,Gene Cline,1,0,0,0,6,0,26,32,0,15,0,0
"8,750",Dean Combs,2,0,0,0,309,0,29.5,25.5,1,772.5,0,0
"35,185",Rodney Combs,5,0,0,0,666,0,32.6,30.4,2,1665,0,0
"618,104",Stacy Compton,7,0,1,0,1165,0,21.6,26.4,6,2912.5,2,0
735,Paul Connors,2,0,0,0,69,0,33,25,1,172.5,0,0
"185,593",Kevin Conway,2,0,0,0,167,0,27.5,28.5,1,417.5,1,0
825,Jim Cook,2,0,0,0,4,0,33,34,0,10,0,0
"2,530",Bob Cooper,5,0,0,0,146,0,28.2,31.4,1,365,0,0
"3,525",Doug Cooper,7,0,1,0,506,0,23.4,21,4,1265,0,0
"43,015",Delma Cowart,6,0,0,0,603,0,31.3,30.2,2,1507.5,0,0
"18,925",Lowell Cowell,2,0,0,0,346,0,36.5,13.5,2,865,0,0
775,Tom Cox,3,0,0,0,291,0,33.7,18.7,3,727.5,0,0
"382,849",Matt Crafton,1,0,0,0,203,0,4,18,1,507.5,1,0
200,Pappy Crane,1,0,0,0,89,0,67,50,0,222.5,0,0
"1,560,837",Ricky Craven,18,1,1,0,2830,7,29.1,25.1,16,7075,7,0
"4,680",Jimmy Crawford,4,0,0,0,283,0,27,25.5,3,707.5,0,0
110,Charlie Cregar,1,0,0,0,70,0,15,29,0,175,0,0
"3,765",Curtis Crider,13,0,0,0,853,0,26.5,25.5,8,2132.5,0,0
"1,175",Jim Cushman,4,0,0,0,434,0,36,19.8,4,1085,0,0
75,Chuck Daigh,1,0,0,0,37,0,15,20,1,92.5,0,0
775,Darrell Dake,4,0,1,0,289,0,20.2,25.2,2,722.5,1,0
650,Wally Dallenbach,2,0,1,0,92,0,15,21.5,1,230,0,0
"664,081","Wally Dallenbach, Jr",15,0,2,0,2249,0,27.8,23.3,11,5622.5,7,0
"4,955",Dean Dalton,4,0,0,0,507,0,35,20.5,3,1267.5,0,0
"5,505",Dan Daughtry,3,0,0,0,72,0,19.7,35.7,0,180,0,0
"1,570",Joel Davis,3,0,0,0,180,0,24,27.3,1,450,0,0
100,Billy DeCoster,1,0,0,0,0,0,8,17,0,0,0,0
"20,720",Bill Dennis,7,1,1,0,868,0,19.6,19.3,3,2170,1,0
"2,945",Bob Derrington,5,0,1,0,204,0,25.6,25,3,510,0,0
"102,085",Matt DiBenedetto,9,0,3,0,1406,50,27.9,21.2,6,3515,5,0
"1,050",Eduardo Dibos,3,2,2,0,181,0,10,19.3,2,452.5,0,0
"1,535",Larry Dickson,1,0,0,0,103,0,30,21,0,257.5,0,0
"317,190",Ty Dillon,8,1,3,0,1267,10,22.8,19.2,6,3167.5,6,0
400,Tom Dill,2,0,0,0,227,0,30,17.5,2,567.5,0,0
250,Dick Dixon,2,0,0,0,181,0,32,32,1,452.5,0,0
250,"John Dodd, Jr.",2,0,0,0,24,0,28,32.5,0,60,0,0
0,Johnny Dollar,1,0,0,0,5,0,40,40,0,12.5,0,0
"1,375",Mark Donohue,1,0,0,0,18,0,10,35,0,45,0,0
"1,675",Eldon Dotson,1,0,0,0,10,0,38,38,0,25,0,0
350,Bob Duell,4,0,0,0,143,0,35.2,40.2,1,357.5,0,0
"7,380",Philip Duffie,2,0,0,0,289,0,37.5,19.5,2,722.5,0,0
"1,050",Gerald Duke,3,0,1,0,252,0,25.7,19.7,2,630,0,0
735,Gary DuPuis,1,0,0,0,78,0,38,27,0,195,0,0
"46,555",Clark Dwyer,6,0,0,0,946,0,32.7,22.3,5,2365,0,0
0,Jeffrey Earnhardt,4,0,0,0,574,0,33,23.8,2,1435,1,0
"147,365",Kerry Earnhardt,2,0,0,0,212,0,15,35,1,530,0,0
"3,235",Ralph Earnhardt,8,0,1,0,531,0,20.2,22.2,5,1327.5,0,0
"5,910,239",Carl Edwards,24,5,9,1,3936,23,16.3,19.8,20,9840,16,0
"7,580",Ray Elder,5,0,3,0,656,0,10.6,10.6,4,1640,0,0
"6,615",Vic Elford,4,0,1,0,464,0,19,13,4,1160,0,0
810,Hoss Ellington,1,0,0,0,118,0,21,24,0,295,0,0
0,Chase Elliott,8,0,0,3,1108,64,7.2,28,4,2770,1,0
"2,125",Stick Elliott,5,0,0,0,303,0,29.4,26.4,3,757.5,0,0
"25,110",Tommy Ellis,4,0,0,0,536,3,13.8,22,3,1340,0,0
"21,170",Bill Elswick,3,0,0,0,506,0,25.3,19.7,2,1265,0,0
650,George England,2,0,0,0,27,0,30,36,0,67.5,0,0
435,Jack Etheridge,1,0,0,0,2,0,37,38,0,5,0,0
225,Joe Eubanks,2,0,0,0,97,0,25,38,0,242.5,0,0
"2,100",Rod Eulenfeld,2,0,0,0,174,0,21.5,18.5,1,435,0,0
0,Cy Fairchild,1,0,0,0,18,0,28,30,0,45,0,0
"8,255",Red Farmer,12,0,1,0,497,0,27,30.5,4,1242.5,0,0
550,Bubba Farr,2,0,0,0,34,0,21.5,34.5,0,85,0,0
"1,490",Paul Feldner,2,0,1,0,214,0,21.5,17,2,535,0,0
"4,695",Paul Fess,2,0,0,0,210,0,27.5,25,0,525,0,0
"14,705",Chet Fillip,3,0,0,0,190,0,29.3,33.3,1,475,0,0
"2,360",Jimmy Finger,2,0,0,0,43,0,25.5,35,0,107.5,0,0
"1,810",Phil Finney,1,0,0,0,152,0,37,20,0,380,0,0
"177,856",Christian Fittipaldi,1,0,0,0,108,0,34,35,1,270,0,0
"1,200",Tim Flock,4,0,1,0,429,0,25.8,22.8,2,1072.5,0,0
125,Larry Flynn,1,0,0,0,85,0,33,24,1,212.5,0,0
575,Dick Foley,5,0,0,0,295,0,33.4,34.6,2,737.5,0,0
"9,050",George Follmer,2,0,0,0,232,0,22.5,22,0,580,0,0
650,Red Foote,2,0,0,0,151,0,28,22.5,1,377.5,0,0
"18,780",E. Forbes-Robinson,5,0,0,0,501,0,22.8,31.2,1,1252.5,0,0
75,Bill Foster,1,0,0,0,36,0,28,21,1,90,0,0
"276,362",Larry Foyt,2,0,0,0,331,0,33.5,31,2,827.5,0,0
"270,613",Dario Franchitti,1,0,0,0,199,0,40,33,1,497.5,0,0
"10,520",Larry Frank,19,2,9,0,1754,5,15.5,17.4,14,4385,4,0
"23,210",Joe Frasson,13,0,1,0,1627,0,20,17.8,9,4067.5,0,0
350,Dick Freeman,2,0,0,0,226,0,26,14,2,565,0,0
250,Dick Freeman,2,0,0,0,41,0,40.5,46,1,102.5,0,0
"2,010",Freddy Fryar,2,0,0,0,238,0,25.5,18.5,2,595,0,0
900,Ernie Gahan,4,0,1,0,270,0,27,25.2,3,675,0,0
"92,875",Tommy Gale,23,0,1,0,2884,0,28.9,21.5,16,7210,0,0
"594,295",Harry Gant,32,2,7,0,4660,86,14.8,21.6,19,11650,5,0
300,Arnold Gardner,2,0,0,0,170,0,33.5,35.5,1,425,0,0
0,Joey Gase,3,0,0,0,482,0,35,25,2,1205,0,0
"397,547",Brendan Gaughan,9,0,1,0,1548,0,28.1,20.3,7,3870,4,0
0,Gray Gaulding,1,0,0,0,204,0,34,20,1,510,0,0
100,Roy Gemberling,1,0,0,0,34,0,17,16,0,85,0,0
"4,870",Bobby Gerhart,1,0,0,0,58,0,36,37,0,145,0,0
475,Whitey Gerken,3,0,0,0,256,0,21,19,2,640,0,0
"43,585",Mickey Gibbs,4,0,0,0,440,0,36,27.5,2,1100,0,0
"2,880",Mark Gibson,1,0,0,0,100,0,40,33,0,250,0,0
"3,583,466",David Gilliland,17,1,2,2,2732,25,26.1,24,12,6830,8,0
200,Tubby Gonzales,2,0,0,0,29,0,21,28,0,72.5,0,0
700,Dick Good,2,0,1,0,107,0,18,23.5,1,267.5,0,0
100,Jack Goodwin,2,0,0,0,35,0,29.5,26,1,87.5,0,0
"68,820",Cecil Gordon,29,0,2,0,3437,1,26.4,22.3,20,8592.5,0,0
"4,166,154",Robby Gordon,25,0,3,0,4045,15,25.4,21.5,21,10112.5,16,0
550,Frank Graham,2,0,0,0,97,0,36,32,0,242.5,0,0
"1,475",Ron Grana,2,0,1,0,119,0,19.5,19.5,1,297.5,0,0
"7,920",Jerry Grant,6,1,2,0,546,0,21.8,18.2,4,1365,0,0
0,Eddie Gray,1,0,0,0,36,0,38,29,1,90,0,0
"16,150",Henley Gray,17,0,0,0,1618,0,33.6,23.8,12,4045,0,0
"114,285",David Green,3,0,0,0,476,0,28,28,3,1190,1,0
720,George Green,5,0,0,0,287,0,34.6,35.2,2,717.5,0,0
"1,973,299",Jeff Green,13,0,0,1,1949,0,29.7,30.7,11,4872.5,3,0
"1,510",John Greenwood,1,0,0,0,150,0,13,21,1,375,0,0
"5,365",Charley Griffith,6,1,2,0,351,0,26,27.5,3,877.5,0,0
"338,652",Steve Grissom,8,0,1,0,1178,0,28.1,30.6,6,2945,1,0
"67,750",Larry Gunselman,1,0,0,0,156,0,42,34,1,390,0,0
"5,900",Dan Gurney,6,3,4,0,644,0,10.3,10.8,5,1610,2,0
"28,485",Janet Guthrie,5,0,0,0,693,0,29.2,17.8,4,1732.5,0,0
675,Ted Hairfield,2,0,0,0,50,0,21,30.5,1,125,0,0
"2,340",Johnny Halford,3,0,1,0,316,0,25,16,2,790,0,0
"9,855",Roger Hamby,3,0,0,0,472,0,24,22.7,3,1180,0,0
"1,381,065",Bobby Hamilton,24,0,3,0,3891,2,27.7,22.7,19,9727.5,11,0
"402,941","Bobby Hamilton, Jr.",3,0,0,0,345,0,20.7,38.3,1,862.5,0,0
"5,025",Andy Hampton,3,0,2,0,390,0,35,14.7,2,975,0,0
675,Jack Harden,2,0,0,0,155,0,21,19.5,1,387.5,0,0
0,Rock Harn,1,0,0,0,23,0,22,29,0,57.5,0,0
"18,380",Ferrel Harris,4,0,2,0,603,0,24.5,15.2,3,1507.5,0,0
0,Runt Harris,1,0,0,0,15,0,31,34,0,37.5,0,0
"4,585",Butch Hartman,3,0,0,0,482,3,16,16.7,3,1205,0,0
"7,790",Billie Harvey,3,0,0,0,66,0,31.3,40.3,0,165,0,0
"9,970",Friday Hassler,12,0,2,0,981,4,22.3,21.6,8,2452.5,0,0
"1,085",Jeff Hawkins,1,0,0,0,4,0,43,33,0,10,0,0
"2,035",Jimmy Helms,4,0,0,0,278,0,34.8,25.8,2,695,0,0
0,Daniel Hemric,2,0,0,0,317,1,26.5,26,1,792.5,1,0
"1,350",Elmo Henderson,5,0,0,0,262,0,33.4,30.4,2,655,0,0
75,Jim Hendrickson,1,0,0,0,37,0,16,17,0,92.5,0,0
"122,230",Jimmy Hensley,6,0,0,0,744,0,24.3,27.7,4,1860,0,0
210,Bernie Hentges,2,0,0,0,176,0,25.5,24.5,1,440,0,0
250,Tommy Herbert,2,0,0,0,155,0,42,34.5,1,387.5,0,0
"50,085",Ben Hess,2,0,0,0,392,0,29,25,2,980,0,0
"2,140",Ed Hessert,3,0,0,0,263,0,26.3,20.7,1,657.5,0,0
"4,360",Larry Hess,6,0,1,0,506,0,22.8,19.3,5,1265,0,0
"42,725",Doug Heveron,5,0,0,0,665,1,30.8,27.6,1,1662.5,0,0
"28,930",Bruce Hill,13,0,1,0,1035,0,23.1,29.1,3,2587.5,0,0
"128,500",Andy Hillenburg,3,0,0,0,514,0,27.7,29.7,3,1285,0,0
"543,407","Bobby Hillin, Jr.",26,2,6,0,3880,17,24.5,20.1,19,9700,7,0
245,Joe Hines,2,0,0,0,44,0,25,25,1,110,0,0
100,Dave Hirschfield,2,0,0,0,50,0,48,45.5,0,125,0,0
"1,400",Butch Hirst,3,0,0,0,217,0,27.7,25.3,2,542.5,0,0
"1,900",David Hobbs,1,0,0,0,68,2,16,34,0,170,0,0
"5,515",Al Holbert,3,0,0,0,287,0,14.7,30.3,0,717.5,0,0
0,Bill Hollar,1,0,0,0,42,0,29,27,1,105,0,0
500,Armond Holley,1,0,0,0,11,0,25,30,0,27.5,0,0
250,Red Hollingsworth,2,0,0,0,68,0,41,36,1,170,0,0
"1,075",Paul Dean Holt,2,0,0,0,147,0,28,22.5,0,367.5,0,0
"9,400",Ronnie Hopkins,1,0,0,0,191,0,28,19,1,477.5,0,0
"129,534","Ron Hornaday, Jr.",1,0,0,0,199,0,42,17,1,497.5,0,0
"1,845,171","Sam Hornish, Jr.",9,0,0,0,1490,14,26.4,26.8,7,3725,3,0
"98,105",Jimmy Horton,5,0,0,0,682,0,28.2,27.2,3,1705,0,0
0,Quin Houff,1,0,0,0,108,0,32,37,1,270,0,0
"5,630",Kevin Housby,2,0,0,0,133,0,28.5,33,0,332.5,0,0
"165,150",Andy Houston,2,0,0,0,259,0,7.5,40.5,0,647.5,0,0
"2,610",Tommy Houston,1,0,0,0,127,0,42,27,1,317.5,0,0
325,T.C. Hunt,2,0,0,0,61,0,19.5,32,1,152.5,0,0
"2,950",Jim Hurlbert,1,0,0,0,33,0,30,38,0,82.5,0,0
"29,330",Jim Hurtubise,18,2,7,0,2087,19,19.8,16.7,9,5217.5,1,0
"14,020",Dick Hutcherson,8,3,4,0,574,28,8,15,4,1435,3,0
"28,580",Ron Hutcherson,3,1,1,0,401,0,12.3,21.7,1,1002.5,0,0
"5,425",Sonny Hutchins,5,0,2,0,326,0,30.2,24.6,3,815,0,0
"108,460",James Hylton,36,3,16,0,4886,28,20.8,15.8,31,12215,0,0
940,Jack Ingram,1,0,0,0,52,0,28,37,0,130,0,0
"1,265",Innes Ireland,2,0,1,0,165,0,15.5,18.5,1,412.5,0,0
"806,619","Kenny Irwin, Jr.",6,1,1,0,1059,16,26.7,17.3,5,2647.5,4,0
"3,260",Tommy Irwin,9,0,3,0,462,0,21.1,24.2,4,1155,0,0
"5,795",Bruce Jacobi,2,0,0,0,265,0,39.5,22,1,662.5,0,0
775,Bob James,2,0,0,0,229,0,16.5,16,2,572.5,0,0
"9,830",Glenn Jarrett,1,0,0,0,186,0,23,19,1,465,0,0
"26,475",Ned Jarrett,20,7,14,0,2047,57,14.9,10.7,15,5117.5,6,0
"2,300",Bob Jarvis,1,0,0,0,47,0,38,35,0,117.5,0,0
"14,225",Rick Jeffrey,2,0,0,0,326,0,33,29.5,2,815,0,0
"8,730",Gordon Johncock,6,1,2,0,493,0,13.2,19.8,3,1232.5,1,0
"29,870",Bobby Johns,28,4,7,0,1754,56,13.8,22,12,4385,4,0
"3,680",Dick Johnson,5,0,0,0,259,0,26,28.8,1,647.5,0,0
"2,300",Joe Lee Johnson,7,0,1,0,543,0,22.7,28.9,3,1357.5,0,0
650,Ken Johnson,6,0,0,0,364,0,28.5,31.2,4,910,0,0
"2,055",Lionel Johnson,3,0,1,0,193,0,31,26.7,1,482.5,0,0
"21,650",Slick Johnson,3,0,0,0,423,0,34.7,22.7,2,1057.5,0,0
"3,720",Jerry Jolly,1,0,0,0,191,0,26,20,1,477.5,0,0
"225,484",Buckshot Jones,3,0,0,0,451,0,23.7,29,1,1127.5,1,0
"34,290",Davy Jones,1,0,0,0,166,0,33,33,1,415,0,0
"7,515",P.J. Jones,1,0,0,0,157,0,36,30,1,392.5,0,0
"2,425",Parnelli Jones,6,0,2,0,461,0,20.5,22.2,4,1152.5,1,0
250,Possum Jones,2,0,0,0,8,0,21,29.5,0,20,0,0
"18,705",Ralph Jones,2,0,0,0,385,0,32.5,20.5,2,962.5,0,0
870,Dick Joslin,6,0,0,0,594,0,26.3,21.7,4,1485,0,0
"5,583,283",Kasey Kahne,30,3,10,0,4950,71,18.4,19.5,24,12375,19,0
0,Blaine Kauffman,1,0,0,0,33,0,26,27,1,82.5,0,0
"1,120",Calvin Kelly,2,0,0,0,41,0,23.5,30,1,102.5,0,0
300,Joe Kelly,2,0,0,0,200,0,33,24.5,1,500,0,0
100,Pete Kelly,1,0,0,0,34,0,32,52,0,85,0,0
0,D.J. Kennington,4,0,0,0,510,0,33.2,27.8,2,1275,1,0
"273,663",Brian Keselowski,1,0,0,0,28,0,12,41,0,70,0,0
"9,425",Ron Keselowski,9,0,1,0,687,0,24.2,24.1,3,1717.5,0,0
"1,320","Bill Kimmel, Sr.",3,0,0,0,80,0,30.3,30,1,200,0,0
400,Brownie King,3,0,0,0,373,0,30,27.3,2,932.5,0,0
"40,455",Steve Kinser,1,0,0,0,27,0,42,40,0,67.5,0,0
"318,338",Parker Kligerman,3,0,0,0,519,0,34,25,1,1297.5,0,0
250,Bob Kosiski,2,0,0,0,163,0,22.5,31,1,407.5,0,0
"394,915",Alan Kulwicki,14,3,6,0,2227,8,21.2,18.6,12,5567.5,6,0
"2,712,402",Travis Kvapil,14,0,0,0,2369,5,32.1,27.5,12,5922.5,7,0
"7,841,288",Bobby Labonte,48,6,10,2,7621,71,22.2,22.1,37,19052.5,27,0
"5,749,233",Terry Labonte,63,11,26,0,10414,158,21.5,15.6,52,26035,34,0
0,Corey LaJoie,6,0,1,0,756,0,33.2,21.7,4,1890,2,0
"43,955",Randy LaJoie,1,0,0,0,195,0,24,29,1,487.5,0,0
"382,913",Andy Lally,2,0,0,0,318,0,22,30,2,795,0,0
400,Shep Langdon,2,0,0,0,231,0,21,17,2,577.5,0,0
"25,390",Elmo Langley,34,0,1,0,2944,0,23.9,23.6,17,7360,0,0
"886,899",Kyle Larson,12,0,3,0,1908,16,21.2,23,7,4770,4,0
"1,600",Mel Larson,3,0,0,0,348,0,29.7,23,3,870,0,0
590,Jack Lawrence,1,0,0,0,132,0,33,22,1,330,0,0
"520,547",Jason Leffler,4,0,0,0,662,1,22,28,2,1655,2,0
"83,725",Stephen Leicht,1,0,0,0,4,0,37,42,0,10,0,0
720,Joe Leonard,1,0,0,0,47,0,12,31,0,117.5,0,0
"1,311,974",Kevin Lepage,11,0,1,0,1654,1,25.6,29.2,9,4135,4,0
"2,470",Paul Lewis,7,0,1,0,401,0,26.9,30.1,4,1002.5,0,0
"696,286",Chad Little,16,0,2,0,2444,3,22.2,25.1,11,6110,4,0
"1,675",Ed Livingston,7,0,0,0,607,0,25.4,23.1,4,1517.5,0,0
785,Lella Lombardi,1,0,0,0,103,0,29,31,0,257.5,0,0
805,Clarence Lovell,1,0,0,0,61,0,18,30,0,152.5,0,0
"5,350",Bosco Lowe,1,0,0,0,36,0,26,39,0,90,0,0
250,Bill Lutz,2,0,0,0,88,0,43,42,0,220,0,0
"5,460",Clyde Lynn,5,0,0,0,513,0,30.2,22.4,4,1282.5,0,0
"1,350",Dave MacDonald,2,0,2,0,236,0,15.5,9.5,2,590,1,0
585,Eddie MacDonald,1,0,0,0,144,0,36,18,1,360,0,0
0,Dave Mader,1,0,0,0,6,0,21,34,0,15,0,0
100,Jim Malloy,1,0,0,0,37,0,30,21,1,92.5,0,0
600,Art Malone,1,0,1,0,95,0,13,10,1,237.5,0,0
"2,640",Larry Manning,2,0,0,0,318,0,28,18.5,2,795,0,0
"26,860",Skip Manning,8,0,0,0,787,0,23.5,27.1,3,1967.5,0,0
"1,098,219",Dave Marcis,67,3,11,0,9529,35,23.7,21.8,46,23822.5,4,0
325,Ed Markstellar,3,0,0,0,96,0,40,37,0,240,0,0
0,Justin Marks,1,0,0,0,206,1,29,12,1,515,0,0
"83,320",Coo Coo Marlin,25,3,5,0,2882,7,20.6,21.1,13,7205,1,0
375,Gene Marmor,2,0,1,0,223,0,23,18.5,2,557.5,0,0
100,Ken Marriott,1,0,0,0,1,0,56,59,0,2.5,0,0
925,Bobby Marshman,2,0,1,0,56,0,11.5,21.5,1,140,0,0
"8,151,642",Mark Martin,55,10,20,3,8596,273,15,17.9,43,21490,32,0
575,Jimmy Massey,1,0,1,0,96,0,16,10,1,240,0,0
"918,828",Rick Mast,20,1,3,0,3532,24,24.4,21.1,20,8830,10,0
"3,970",Banjo Matthews,9,1,3,1,931,100,11.1,15,4,2327.5,0,0
660,Bobby Mausgrover,2,0,0,0,44,0,29.5,33,1,110,0,0
"13,120",Dick May,8,0,0,0,774,0,33.5,24.8,5,1935,0,0
"3,568,358",Jeremy Mayfield,28,2,6,0,4679,10,26.3,21.8,24,11697.5,16,0
"16,550",Roy Mayne,21,0,1,0,1498,0,28.5,22.5,10,3745,0,0
0,Buzz McCann,2,0,0,0,9,0,13,34,0,22.5,0,0
"1,704,737",Michael McDowell,17,2,6,0,2519,20,26.3,21.1,12,6297.5,11,0
"144,015",J.D. McDuffie,35,0,1,0,4007,7,28.9,24.1,17,10017.5,0,0
850,Jim McElreath,2,0,0,0,163,0,16,19,1,407.5,0,0
"2,664",John McFadden,1,0,0,0,0,0,36,40,0,0,0,0
"10,800",Hershel McGriff,3,1,1,0,231,0,17.3,24.7,1,577.5,0,0
"1,850",Jim McGuirk,7,0,0,0,604,0,31.6,24.6,3,1510,0,0
0,B.J. McLeod,2,0,0,0,324,0,36.5,23.5,2,810,0,0
"1,375",Bill McMahan,4,0,0,0,19,0,23,26.8,0,47.5,0,0
"250,880",Jimmy Means,31,0,1,0,4184,2,32.5,23.9,23,10460,1,0
"5,530,349",Casey Mears,26,2,6,0,4234,21,23.8,20.8,23,10585,15,0
0,Ken Meisenhelder,1,0,0,0,1,0,30,31,0,2.5,0,0
"3,872,649",Paul Menard,25,2,6,1,4144,69,20.8,19.2,21,10360,18,0
950,Stan Meserve,1,0,0,0,34,0,43,41,0,85,0,0
"12,965",Joe Mihalic,6,0,0,0,541,0,24,28.2,2,1352.5,0,0
"27,370",Butch Miller,2,0,0,0,332,0,27,22.5,2,830,0,0
"2,830",Harold Miller,2,0,0,0,260,0,36,23,2,650,0,0
"54,430",Joe Millikan,5,0,2,0,461,0,25,25.4,2,1152.5,0,0
"2,165",Butch Mock,1,0,0,0,38,0,34,39,0,95,0,0
"99,835",Brett Moffitt,1,0,0,0,161,1,14,27,1,402.5,1,0
"5,600",Patty Moise,2,0,0,0,156,0,34,32.5,1,390,0,0
"3,233,178",Juan Pablo Montoya,14,0,4,0,2318,20,18.9,24.1,10,5795,7,0
"1,925",Bud Moore,2,0,1,0,162,0,12,27.5,1,405,0,0
400,Doug Moore,1,0,0,0,1,0,31,32,0,2.5,0,0
"17,495",Steve Moore,3,0,0,0,401,0,37,25.3,2,1002.5,0,0
0,Wes Morgan,1,0,0,0,7,0,28,32,0,17.5,0,0
"26,595",Rob Moroso,2,0,1,0,242,4,23.5,23.5,1,605,1,0
525,David Mote,1,0,0,0,100,0,29,27,1,250,0,0
"2,355",Larry Moyer,1,0,0,0,148,0,34,32,1,370,0,0
"841,618",Ted Musgrave,18,2,5,0,2859,0,28.3,18.1,15,7147.5,10,0
"1,014,320",Jerry Nadeau,11,0,1,0,1850,3,24,23.8,8,4625,5,0
250,Burrhead Nantz,2,0,0,0,49,0,26.5,43,1,122.5,0,0
200,Brian Naylor,2,0,0,0,86,0,32.5,37,0,215,0,0
"22,500",Ed Negre,11,0,0,0,1092,0,29.2,25.1,6,2730,0,0
"4,888,372",Joe Nemechek,38,0,3,1,5161,13,26.7,28.3,24,12902.5,16,0
"3,170",Rick Newsom,2,0,0,0,152,0,30.5,27,1,380,0,0
340,Don O'Dell,2,0,1,0,48,0,14.5,32,1,120,0,0
100,Larry Odo,1,0,0,0,3,0,38,58,0,7.5,0,0
"1,275",Jackie Oliver,1,0,0,0,106,0,15,25,0,265,0,0
"17,805",Jerry O'Neil,1,0,0,0,193,0,39,31,1,482.5,0,0
"4,080",L.D. Ottinger,2,0,0,0,122,0,38.5,33,0,305,0,0
"13,300",Cotton Owens,10,6,8,1,973,26,7.9,10.6,8,2432.5,4,0
100,Harold Painter,1,0,0,0,0,0,12,20,0,0,0,0
"15,860",Richie Panch,4,0,1,0,505,1,17,22,2,1262.5,0,0
"345,945",Max Papis,2,0,0,0,95,0,35.5,41,0,237.5,0,0
"25,425",Dan Pardus,1,0,0,0,99,0,26,36,0,247.5,0,0
"21,805",Jimmy Pardue,13,4,5,0,1447,0,19.8,14.8,10,3617.5,2,0
400,Paul Parks,4,0,0,0,408,0,46.8,30.5,4,1020,0,0
"1,067,161",Steve Park,12,0,0,1,1732,3,25.7,31.7,7,4330,3,0
"451,890",Phil Parsons,18,4,6,0,2744,39,18.1,17,14,6860,6,0
"5,950",Vic Parsons,2,0,2,0,343,0,23.5,8.5,2,857.5,0,0
"19,405",Jim Paschal,17,5,8,0,1607,20,13.7,15.2,12,4017.5,3,0
100,John Paschal,1,0,0,0,67,0,9,30,1,167.5,0,0
"1,592,145",Danica Patrick,12,0,2,1,1782,7,19.3,26.6,6,4455,4,0
"64,650",Larry Pearson,5,0,0,0,690,0,24.2,26.4,3,1725,0,0
"1,140",Joe Penland,2,0,0,0,2,0,27,31.5,0,5,0,0
"26,430",Jack Pennington,2,0,0,0,348,6,29.5,21.5,2,870,0,0
350,Bob Perry,1,0,0,0,58,0,29,24,0,145,0,0
100,Gene Petro,1,0,0,0,35,0,32,22,1,87.5,0,0
"3,467,600",Kyle Petty,52,2,8,1,8004,105,22.3,22.8,37,20010,19,0
"15,635",Ritchie Petty,2,0,0,0,187,0,36,36.5,0,467.5,0,0
"1,050",Bob Pickell,2,0,0,0,35,0,38.5,32.5,0,87.5,0,0
"13,685",Ed Pimm,2,0,0,0,301,0,37,29,1,752.5,0,0
"6,410",Tom Pistone,12,1,5,0,867,72,16.9,18.8,5,2167.5,1,0
"2,030",Dave Pletcher,1,0,0,0,65,0,36,36,0,162.5,0,0
"1,745",Dick Poling,4,0,0,0,216,0,33.2,29.8,2,540,0,0
"5,280",Larry Pollard,1,0,0,0,155,0,32,27,1,387.5,0,0
"148,520",Lennie Pond,22,2,6,0,3169,9,22.9,18,13,7922.5,0,0
295,Marvin Porter,1,0,0,0,94,0,15,16,1,235,0,0
640,Bob Potter,4,0,1,0,280,0,24.2,28,2,700,0,0
"21,710",Mike Potter,1,0,0,0,151,0,29,30,0,377.5,0,0
650,Floyd Powell,2,0,0,0,132,0,24.5,24,1,330,0,0
0,Ryan Preece,2,0,1,0,326,1,23.5,20,1,815,1,0
"906,059",Robert Pressley,13,0,0,0,2105,5,24.6,23.8,9,5262.5,5,0
"3,470",Baxter Price,2,0,0,0,288,0,35.5,22.5,2,720,0,0
0,Talmadge Prince,1,0,0,0,18,0,11,28,0,45,0,0
210,Bob Pronger,3,0,0,0,193,0,30.7,28.3,1,482.5,0,0
"133,125",Scott Pruett,2,0,0,0,304,0,25.5,29.5,1,760,1,0
225,Ervin Pruitt,1,0,0,0,44,0,23,19,1,110,0,0
"308,331",Jeff Purvis,10,0,0,0,1096,0,22.4,32.2,4,2740,2,0
"7,245",J.T. Putney,9,1,2,0,739,0,27.4,19.3,6,1847.5,0,0
"68,905",Ken Ragan,8,0,0,0,1301,0,28.4,21.9,7,3252.5,0,0
"1,022,235",Tony Raines,6,0,0,0,944,0,30,29.2,6,2360,3,0
500,Bennie Rakestraw,1,0,0,0,92,0,18,13,1,230,0,0
"1,325",Wilbur Rakestraw,7,0,0,0,603,0,25.6,27.1,5,1507.5,0,0
100,Tom Raley,1,0,0,0,30,0,21,21,1,75,0,0
0,Nick Rampling,1,0,0,0,27,0,30,27,0,67.5,0,0
"3,180",Johnny Ray,2,0,0,0,205,0,26.5,29,0,512.5,0,0
"13,530",Lee Raymond,1,0,0,0,189,0,21,26,1,472.5,0,0
0,Tyler Reddick,1,0,0,0,191,0,39,27,0,477.5,0,0
"2,850",Jim Reed,7,1,4,0,794,0,19,10.6,7,1985,1,0
"3,085,234",David Reutimann,14,1,1,0,2397,0,31.9,21.9,12,5992.5,9,0
250,Harlan Richardson,3,0,0,0,235,0,32,25,2,587.5,0,0
"666,641","Robert Richardson, Jr.",4,0,0,0,541,0,34.8,32.5,1,1352.5,0,0
"182,225",Jody Ridley,12,0,7,0,2000,0,24.8,13.2,11,5000,1,0
"2,078,757",Scott Riggs,9,1,1,0,1332,0,22.2,27.1,7,3330,5,0
"8,265",Marty Robbins,5,0,1,0,395,0,32.6,29.6,1,987.5,0,0
"2,700",Charlie Roberts,3,0,0,0,297,0,28.7,20.7,2,742.5,0,0
"196,869",Shawna Robinson,2,0,0,0,297,0,31.5,32,1,742.5,0,0
"2,375",Pedro Rodriguez,3,0,0,0,264,0,25.7,22.7,1,660,0,0
315,Robert Roeber,2,0,0,0,218,0,19.5,20.5,2,545,0,0
"12,245",Jackie Rogers,5,0,1,0,585,1,21.4,22.4,3,1462.5,0,0
675,John Rogers,3,0,0,0,144,0,26,24.7,1,360,0,0
670,Shorty Rollins,3,0,0,0,298,0,20.7,23.3,2,745,0,0
"29,300",Dean Roper,3,0,0,0,545,0,26,17.3,3,1362.5,0,0
100,Bob Rose,2,0,0,0,173,0,43,33,1,432.5,0,0
"9,850",Earl Ross,4,0,0,0,410,0,21.5,25.5,2,1025,0,0
0,John Rostek,1,0,0,0,5,0,10,39,0,12.5,0,0
"3,969,155",Ricky Rudd,60,7,21,1,9455,45,17.4,17.5,48,23637.5,28,0
500,Ken Rush,2,0,0,0,251,0,24,24.5,1,627.5,0,0
"445,275",Joe Ruttman,19,3,5,0,2732,70,21.3,20.9,10,6830,5,0
"1,550",Troy Ruttman,3,0,1,0,284,0,13.3,15.3,2,710,0,0
"20,055",Terry Ryan,3,0,1,0,509,1,15.3,12,2,1272.5,0,0
"5,979,349",Elliott Sadler,27,4,9,0,4638,63,25.8,18.1,24,11595,18,0
"407,033",Hermie Sadler,3,0,0,0,479,0,28,37,2,1197.5,0,0
100,Bob Said,1,0,0,0,42,0,20,50,0,105,0,0
"1,106,633",Boris Said,6,1,1,1,1076,12,19,22.2,5,2690,3,0
"34,135",Ronnie Sanders,3,0,0,0,570,0,23.7,22.3,3,1425,0,0
200,Marshall Sargent,2,0,0,0,136,0,43.5,35,0,340,0,0
"1,015",Sandy Satullo,1,0,0,0,18,0,29,38,0,45,0,0
"112,745",Jim Sauter,8,0,0,0,1234,5,29,22.6,6,3085,0,0
"1,078,215",Johnny Sauter,6,0,0,0,1080,0,26.3,20.7,6,2700,5,0
"2,970",Swede Savage,2,1,1,0,173,0,10.5,20.5,1,432.5,1,0
"40,572",Elton Sawyer,1,0,0,0,196,0,18,25,1,490,0,0
"49,070",Connie Saylor,10,0,0,0,872,0,27.9,30.8,3,2180,0,0
"18,250",Bob Schacht,1,0,0,0,7,0,36,42,0,17.5,0,0
"1,350",Jo Schlesser,2,0,1,0,231,0,13,11,2,577.5,0,0
"5,120",Bill Schmitt,1,0,0,0,172,0,20,23,0,430,0,0
"3,991,895",Ken Schrader,45,7,22,3,7058,298,18,17.3,34,17645,28,0
"25,750",Dorsey Schroeder,1,0,0,0,196,0,31,19,1,490,0,0
205,Fritz Schultz,1,0,0,0,45,0,27,23,1,112.5,0,0
"409,275",Brian Scott,4,0,0,0,570,1,25.8,32,2,1425,1,0
"64,655",Tighe Scott,10,0,2,0,1212,0,20.6,22.3,4,3030,0,0
"14,255",Wendell Scott,22,0,1,0,1967,0,30.7,21,13,4917.5,0,0
"1,280",Ed Sczech,1,0,0,0,87,0,19,34,0,217.5,0,0
"22,965",John Sears,21,0,2,0,2000,0,25.1,21.7,11,5000,0,0
0,Frank Secrist,1,0,0,0,4,0,32,31,0,10,0,0
"10,900",Bill Seifert,12,0,0,0,917,0,25.2,25.9,5,2292.5,0,0
"3,200",Bob Senneker,1,0,0,0,182,0,34,13,1,455,0,0
"2,380",Ned Setzer,4,0,0,0,150,0,26.5,25.2,1,375,0,0
"1,130",Herb Shannon,2,0,0,0,110,0,34,25.5,0,275,0,0
"352,689",Kirk Shelmerdine,2,0,0,0,231,0,34.5,31.5,1,577.5,1,0
"1,012,952",Morgan Shepherd,33,6,11,0,4625,21,23.3,19.8,23,11562.5,12,0
"274,766",Brent Sherman,1,0,0,0,203,0,29,21,1,507.5,1,0
200,Harry Shipe,1,0,0,0,21,0,31,24,0,52.5,0,0
"1,355",Bill Shirey,4,0,0,0,106,0,26.5,32.2,1,265,0,0
0,Ryan Sieg,1,0,0,0,7,0,38,40,0,17.5,0,0
"4,305",Dick Simon,2,0,0,0,178,0,34,33,0,445,0,0
"2,665",Dub Simpson,5,0,0,0,309,0,24.8,24.6,4,772.5,0,0
"29,425",David Sisco,11,0,3,0,1468,3,25.4,18.9,7,3670,0,0
"3,560",Dick Skillen,2,0,0,0,242,0,29.5,24,1,605,0,0
"2,099,701",Mike Skinner,16,3,5,2,2464,69,15.6,22.1,11,6160,7,0
955,Harold Smith,5,0,0,0,446,0,32,29.8,3,1115,0,0
"4,720",Larry Smith,4,0,0,0,522,0,29.5,23.5,3,1305,0,0
"2,850,358",Regan Smith,14,0,3,0,2308,15,25.6,23.1,12,5770,8,0
"23,685",Roy Smith,3,0,1,0,389,0,35,23,1,972.5,0,0
"34,370",Stanley Smith,3,0,0,0,365,0,26,28,2,912.5,0,0
"7,615",Wayne Smith,12,0,1,0,923,0,27.8,21.9,6,2307.5,0,0
"47,560",Tom Sneva,3,0,1,0,525,0,25.3,19.3,1,1312.5,0,0
"4,920",Sam Sommers,2,0,1,0,243,0,21.5,20.5,1,607.5,0,0
"2,793,558",Reed Sorenson,14,1,3,0,2302,10,27.1,23.4,13,5755,10,0
"14,145",David Sosebee,1,0,0,0,184,0,39,28,1,460,0,0
100,Gober Sosebee,1,0,0,0,44,0,36,49,0,110,0,0
"687,325",Lake Speed,29,1,5,0,3761,10,20.9,24.3,15,9402.5,6,0
"1,189,246",Scott Speed,6,0,1,0,1038,14,33.2,24.3,5,2595,4,0
"26,090",G.C. Spencer,23,1,5,0,1711,21,23.7,22.5,9,4277.5,0,0
565,Junior Spencer,1,0,0,0,84,0,18,22,0,210,0,0
"1,625",Ken Spikes,3,0,0,0,188,0,27.7,24.3,1,470,0,0
"252,151",Jack Sprague,2,0,0,0,268,0,29.5,22.5,2,670,1,0
"5,900",Don Sprouse,1,0,0,0,181,0,39,20,1,452.5,0,0
"11,805",Nelson Stacy,10,3,5,0,646,7,11.4,19.5,5,1615,3,0
"11,545",Mark Stahl,2,0,0,0,95,0,30.5,37.5,0,237.5,0,0
"113,005",Billy Standridge,3,0,0,0,254,0,20.3,39.3,1,635,0,0
"12,705",Tim Steele,1,0,0,0,20,0,29,43,0,50,0,0
"1,265",Pete Stewart,3,0,0,0,39,0,28.7,26.7,1,97.5,0,0
100,Don Stives,1,0,0,0,1,0,25,28,0,2.5,0,0
"47,175",Ramo Stott,15,2,7,1,1778,2,17.2,16.5,10,4445,2,0
"1,742,144",David Stremme,10,0,0,0,1448,3,26.2,29.5,6,3620,4,0
"1,810",Bub Strickler,4,0,0,0,187,0,26,23.2,0,467.5,0,0
"524,255",Hut Stricklin,18,1,2,0,2621,10,24.7,25.3,13,6552.5,6,0
0,Daniel Suarez,6,0,0,0,690,11,21,31.8,1,1725,1,0
315,Johnny Sudderth,2,0,0,0,149,0,30.5,30.5,1,372.5,0,0
550,Len Sutton,2,0,0,0,100,0,23,30.5,0,250,0,0
"16,500",Sammy Swindell,1,0,0,0,28,0,32,41,0,70,0,0
"7,695",Don Tarr,8,0,2,0,651,0,28,24,5,1627.5,0,0
"1,140",Billy Taylor,2,0,0,0,65,0,25,31,1,162.5,0,0
"20,700",Brad Teague,3,0,0,0,350,0,32,30.3,2,875,0,0
"22,445",Kerry Teague,1,0,0,0,122,0,21,33,0,305,0,0
0,Al Terrell,1,0,0,0,4,0,26,31,0,10,0,0
250,George Tet,2,0,0,0,60,0,42,37.5,1,150,0,0
"20,175",Jabe Thomas,19,0,3,0,1975,0,24.3,21.1,11,4937.5,0,0
"3,325",Larry Thomas,8,0,1,0,667,0,24.2,17.2,5,1667.5,0,0
"44,605",Ronnie Thomas,9,0,0,0,1282,0,31.9,25.2,5,3205,0,0
500,Jimmy Thompson,1,0,0,0,182,0,18,20,1,455,0,0
0,Mark Thompson,1,0,0,0,203,0,40,22,1,507.5,0,0
"1,390",Roscoe Thompson,5,0,1,0,373,0,16,20.4,1,932.5,0,0
"1,885",Speedy Thompson,7,0,2,0,577,0,19.9,21.1,4,1442.5,0,0
300,Tommy Thompson,1,0,0,0,90,0,29,15,1,225,0,0
0,Matt Tifft,2,0,1,0,317,0,32,22.5,1,792.5,1,0
"1,240",Don Tilley,2,0,0,0,119,0,23.5,20,1,297.5,0,0
"2,885",Travis Tiller,2,0,0,0,179,0,35.5,31,0,447.5,0,0
635,Herb Tillman,3,0,0,0,289,0,18,21.3,3,722.5,0,0
"3,460",Randy Tissot,2,0,0,0,176,0,24.5,22.5,1,440,0,0
"1,470",Warren Tope,1,0,0,0,3,0,29,40,0,7.5,0,0
"2,725",Sal Tovella,10,0,0,0,735,0,25.5,24.5,7,1837.5,0,0
"588,367",Dick Trickle,22,1,2,0,3012,0,25.3,23,14,7530,5,0
"3,945",E.J. Trivette,7,0,0,0,604,0,27.4,21.6,6,1510,0,0
"4,175",Maynard Troyer,4,0,1,0,359,0,16.2,20.8,2,897.5,0,0
"4,950,071","Martin Truex, Jr.",29,2,4,1,4693,92,18,22.1,22,11732.5,17,0
"95,735",Ryan Truex,1,0,0,0,97,0,42,32,0,242.5,0,0
"1,575",Donald Tucker,2,1,1,0,162,0,7,9.5,2,405,0,0
"13,175",Curtis Turner,11,1,2,1,922,25,19.7,23.1,4,2305,0,0
150,Carl Tyler,2,0,0,0,63,0,32.5,38.5,1,157.5,0,0
"4,250",Roy Tyner,12,0,0,0,798,0,35.1,28.4,5,1995,0,0
"38,980",D.K. Ulrich,8,0,0,0,1156,0,36.4,19.6,6,2890,0,0
"6,250",Al Unser,1,1,1,0,200,1,8,4,1,500,1,0
"23,005","Al Unser, Jr.",1,0,0,0,157,0,40,36,0,392.5,0,0
"1,900",Bobby Unser,2,1,1,0,106,2,11,23,1,265,1,0
"7,325",John Utsman,3,0,0,0,395,0,27,26.7,1,987.5,0,0
"38,520",Jim Vandiver,17,1,3,0,1421,0,20.8,25.8,7,3552.5,0,0
"1,160",Robert Vaughn,2,0,0,0,5,0,24.5,28,0,12.5,0,0
"3,388,700",Brian Vickers,17,1,4,0,2812,34,23.7,19.8,15,7030,12,0
"4,975",Billy Wade,7,0,2,0,621,0,25.9,20.4,3,1552.5,0,0
520,Lennie Waldo,1,0,0,0,114,0,23,26,1,285,0,0
0,Bubba Wallace,5,1,1,0,833,0,20.4,16.8,4,2082.5,3,0
"1,699,247",Kenny Wallace,19,0,0,0,2750,1,27.1,27.3,12,6875,7,0
"2,887,859",Mike Wallace,19,1,5,0,2770,1,26.6,25.1,14,6925,8,0
"4,119,412",Rusty Wallace,45,7,18,0,6880,205,19.8,18.1,36,17200,22,0
"291,638",Steve Wallace,1,0,0,0,208,0,36,20,1,520,1,0
"9,930",Salt Walther,3,0,0,0,353,0,25,24.3,1,882.5,0,0
"13,745",Blackie Wangerin,8,0,0,0,510,0,30.6,31.4,1,1275,0,0
0,Rodger Ward,1,0,0,0,9,0,17,27,0,22.5,0,0
0,Cody Ware,1,0,0,0,155,0,37,39,0,387.5,0,0
"78,960",Frank Warren,32,0,3,0,4098,1,24.2,18.8,25,10245,0,0
"2,850",Dave Watson,1,0,0,0,115,1,25,26,0,287.5,0,0
"2,695",Blackie Watt,5,0,0,0,320,0,32.4,28.8,2,800,0,0
"36,415",Bobby Wawak,8,0,0,0,721,0,28,26.2,3,1802.5,0,0
"4,050",Don White,5,1,3,0,394,0,7.4,16.2,3,985,2,0
"1,500",Gene White,4,0,0,0,464,0,27.2,23,3,1160,0,0
400,Ken White,1,0,0,0,0,0,34,40,0,0,0,0
"8,140",Rex White,15,3,7,0,1570,39,15.6,12.8,12,3925,3,0
"1,000",Jim Whitman,3,0,0,0,242,0,27.3,29.7,2,605,0,0
"2,985",Bill Whittington,1,0,0,0,66,0,42,32,0,165,0,0
"853,317",Cole Whitt,7,0,0,0,1023,3,25,25.3,4,2557.5,3,0
"22,630",Don Whittington,3,0,0,0,531,0,22.7,17.3,3,1327.5,0,0
"5,820",Reb Wickersham,14,0,2,0,965,0,26.6,24.4,7,2412.5,0,0
"4,060",Raymond Williams,5,0,0,0,410,0,26.2,27.4,3,1025,0,0
450,Rodney Williams,1,0,0,0,5,0,25,28,0,12.5,0,0
"1,615",Tom Williams,1,0,0,0,41,0,25,37,0,102.5,0,0
625,Fritz Wilson,3,1,1,0,64,4,17.7,30.7,1,160,1,0
"315,155",Rick Wilson,19,1,3,0,2625,31,20.6,23.7,10,6562.5,4,0
500,Woodie Wilson,2,0,1,0,131,0,15.5,12.5,2,327.5,0,0
675,Bill Wimble,2,0,0,0,231,0,22,14,2,577.5,0,0
"1,213,021",Scott Wimmer,4,1,1,0,687,13,26.2,25,2,1717.5,1,0
"2,325",Dorus Wisecraver,2,0,0,0,219,0,24.5,14,2,547.5,0,0
"989,623",Josh Wise,6,0,0,0,796,5,31,30.2,4,1990,1,0
"4,150",Roland Wlodyka,1,0,0,0,192,0,15,19,1,480,0,0
100,Glen Wood,1,0,0,0,149,0,8,34,0,372.5,0,0
"103,920",Jon Wood,1,0,0,0,155,0,22,33,1,387.5,0,0
"1,790",Satch Worley,1,0,0,0,150,0,37,18,1,375,0,0
"2,371,520",J.J. Yeley,14,0,1,0,2021,5,31.7,25.9,12,5052.5,6,0
"1,625",Emanuel Zervakis,5,0,3,0,468,0,17.2,14.4,4,1170,0,0
